job_id,title,company,location,experience_level,required_skills,salary_min,salary_max,category,apply_link
LIVE_Pf559MIE_a1uLZwyAAAAAA==,Principal Software Engineer - Platform - US Defense / Public Sector,McKinsey & Company,"Washington, US",Entry Level,"AWS, Azure, CI/CD, GCP, Go, PostgreSQL, Python, R, RDS, React, SQL, Security",60000,120000,web_dev,https://www.linkedin.com/jobs/view/principal-software-engineer-platform-us-defense-public-sector-at-mckinsey-company-4382947698
LIVE_OQoczLKIgpvxfFFoAAAAAA==,"Software Engineer, Applied AI",HackerOne,"Washington, US",Entry Level,"AWS, Azure, Cybersecurity, GCP, Git, Go, GraphQL, PyTorch, R, RDS, React, Ruby, Ruby on Rails, Rust, Security, TensorFlow",166000,203000,web_dev,https://www.indeed.com/viewjob?jk=d25dc0860271cd9a
LIVE_wTUmh_DyAtmrrtqVAAAAAA==,Senior Software Quality Engineer,Mastercard,"Arlington, US",Entry Level,"CI/CD, EKS, Git, Go, Java, Jenkins, PostgreSQL, R, SQL, Security, Spring Boot",60000,120000,web_dev,https://careers.mastercard.com/us/en/job/R-272429/Senior-Software-Quality-Engineer
LIVE_dshEDMkPhxslwiw1AAAAAA==,Software Engineer - Android,Walmart,"Washington, US",Entry Level,"AWS, CI/CD, Cybersecurity, Git, Go, GraphQL, Kotlin, Monitoring, Networking, Push Notifications, R, RDS, Rust, Scala, Security",108000,216000,web_dev,"https://www.ziprecruiter.com/c/Walmart/Job/Software-Engineer-Android/-in-Washington,DC?jid=95ee12f9843d42ee"
LIVE_RktpGQwfqaGb-DibAAAAAA==,Sr Full Stack Software Engineer,Enterprise Services Network,"Washington, US",Entry Level,"R, Security",60000,120000,web_dev,https://bebee.com/us/jobs/sr-full-stack-software-engineer-enterprise-services-network-washington-dc-united-states--oneredce-26479_144326566667
LIVE_JUAGkl2Jnh-sZYSLAAAAAA==,Jr. Software Engineer,Leidos,"Bethesda, US",Entry Level,"AWS, Azure, Bash, Git, Go, Java, JavaScript, Jenkins, Python, R, RDS, S3, Security",60000,120000,web_dev,https://careers.leidos.com/jobs/17341655-jr-software-engineer
LIVE_zAKJmYlOm_vq0YpMAAAAAA==,Software Engineer: Resiliency - Deploy at Scale,Cloudflare,"Washington, US",Entry Level,"AWS, Go, R",60000,120000,web_dev,https://www.linkedin.com/jobs/view/software-engineer-resiliency-deploy-at-scale-at-cloudflare-4309503789
LIVE_hj1idfiCzwNJIFcbAAAAAA==,Senior Software Development Engineer,Freddie Mac,"McLean, US",Entry Level,"AWS, Angular, CI/CD, Docker, Git, Go, Java, JavaScript, Jenkins, Kubernetes, Python, R, RDS, Security, Spring Boot, TypeScript",60000,120000,web_dev,https://careers.freddiemac.com/us/en/job/JR14008/Senior-Software-Development-Engineer
LIVE_GgPR1samKtkaLeH2AAAAAA==,"Director, Software Engineering - Shopping (Remote-Eligible)",Capital One,"McLean, US",Entry Level,"AWS, Big Data, Compliance, Go, JSON, Java, Machine Learning, Microservices, Node.js, NoSQL, Python, R, RDS, React, SQL, Scala",60000,120000,web_dev,https://www.capitalonecareers.com/job/mclean/director-software-engineering-shopping-remote-eligible/1732/92166972768
LIVE_VVV9brBEykTH8c5DAAAAAA==,".Net Software Engineer (Finance Domain) (Local to MD, DC, VA)",Jobs via Dice,"Rockville, US",Entry Level,"Azure, Bootstrap, CI/CD, Go, HTML, Java, JavaScript, Networking, R, RDS, SOA, SQL, Scala, UI/UX",60000,120000,web_dev,https://www.linkedin.com/jobs/view/net-software-engineer-finance-domain-local-to-md-dc-va-at-jobs-via-dice-4404105258
JOB0000001,Senior Web Dev Developer,Google,Remote,Principal,"Ajax, Vue.js, Next.js, Angular, HTML",265000,315000,web_dev,
JOB0000002,Devops Engineer,Meta,"New York, NY",Senior Level,"Linux, CI/CD, Git, HAProxy, Apache",160000,210000,devops,
JOB0000003,Blockchain Engineer,Apple,Remote,Entry Level,"Web3.js, Bitcoin, DApps, Smart Contracts, Remix, Cryptography, NFT, Ethereum, Hyperledger",70000,120000,blockchain,
JOB0000005,Security Engineer,Amazon,"New York, NY",Lead,"HIPAA, Encryption, Incident Response, Threat Intelligence, Compliance, SSL/TLS, Firewalls, ISO 27001, Cloud Security, PKI",220000,270000,security,
JOB0000006,Senior Devops Developer,Deloitte,Remote,Senior Level,"Nginx, GitHub Actions, Docker, Security, Splunk, Azure, Nagios, Prometheus, Networking",160000,210000,devops,
JOB0000007,Senior Devops Developer,Google,"New York, NY",Principal,"ELK Stack, Monitoring, CI/CD, Chef, Jenkins, Helm, Docker, Apache, GCP, Prometheus",265000,315000,devops,
JOB0000008,Web Dev Engineer,Stripe,"London, UK",Principal,"Tailwind CSS, MongoDB, REST API, Git, Node.js, Vue.js, WebSockets, npm, HTML",265000,315000,web_dev,
JOB0000009,Mobile Engineer,Apple,Remote,Senior Level,"Swift, ARCore, Flutter, React Native, Dart, Bluetooth, Xamarin, Maps Integration, Cordova",160000,210000,mobile,
JOB0000010,Security Engineer,Meta,Remote,Senior Level,"Zero Trust, Threat Intelligence, Compliance, Penetration Testing, Application Security, OWASP, ISO 27001",160000,210000,security,
JOB0000011,Senior Web Dev Developer,PwC,"San Francisco, CA",Mid Level,"Bootstrap, React, Chrome DevTools, JavaScript, MongoDB",115000,165000,web_dev,
JOB0000012,Senior Blockchain Developer,Google,"Pune, India",Entry Level,"Blockchain, Web3.js, DApps, Smart Contracts, Remix, NFT",70000,120000,blockchain,
JOB0000013,Senior Web Dev Developer,Apple,"London, UK",Entry Level,"Babel, Chrome DevTools, Firebase, Ajax, TypeScript, Next.js, Responsive Design, Angular, npm, Jest",70000,120000,web_dev,
JOB0000014,Senior Web Dev Developer,Amazon,"San Francisco, CA",Principal,"React, Firebase, GraphQL, Responsive Design, Angular",265000,315000,web_dev,
JOB0000015,Senior Data Science Developer,Coinbase,"New York, NY",Mid Level,"PyTorch, Reinforcement Learning, MLOps, Feature Engineering, SQL, Big Data, NLP, Deep Learning, Power BI, TensorFlow",115000,165000,data_science,
JOB0000016,Senior Security Developer,Stripe,"Pune, India",Principal,"ISO 27001, Penetration Testing, IDS/IPS, Firewalls, Cybersecurity, OAuth, PKI",265000,315000,security,
JOB0000017,Security Engineer,Netflix,"Pune, India",Mid Level,"SAML, Threat Intelligence, SIEM, Penetration Testing, SSL/TLS, Cloud Security",115000,165000,security,
JOB0000018,Senior Security Developer,Meta,"New York, NY",Lead,"Encryption, Zero Trust, Threat Intelligence, Application Security, Penetration Testing, Compliance, IDS/IPS, OWASP, SOC 2, PKI",220000,270000,security,
JOB0000019,Senior Cloud Developer,Netflix,"Bangalore, India",Entry Level,"CloudFront, Cloud Functions, S3, Azure, Lambda",70000,120000,cloud,
JOB0000020,Data Science Engineer,Netflix,"London, UK",Senior Level,"Time Series, Reinforcement Learning, Feature Engineering, MLOps, Big Data, NLP, XGBoost, Data Visualization, Power BI",160000,210000,data_science,
JOB0000021,Senior Security Developer,PwC,"Bangalore, India",Lead,"HIPAA, Zero Trust, Incident Response, Network Security, Application Security, SSL/TLS, IDS/IPS, Firewalls, Cybersecurity, OWASP",220000,270000,security,
JOB0000022,Cloud Engineer,Google,"San Francisco, CA",Mid Level,"Cost Optimization, API Gateway, CloudFormation, Cloud Storage, DynamoDB",115000,165000,cloud,
JOB0000024,Senior Blockchain Developer,Meta,"Bangalore, India",Senior Level,"Web3.js, Smart Contracts, Cryptocurrency, Truffle, Cryptography, Hardhat",160000,210000,blockchain,
JOB0000025,Security Engineer,Coinbase,"London, UK",Lead,"Ethical Hacking, Network Security, SIEM, Compliance, Application Security, Firewalls, Cybersecurity, ISO 27001, OWASP, OAuth",220000,270000,security,
JOB0000026,Security Engineer,Microsoft,"Bangalore, India",Lead,"ISO 27001, Incident Response, Zero Trust, Threat Intelligence, IDS/IPS, Firewalls, Cybersecurity, OAuth",220000,270000,security,
JOB0000027,Security Engineer,Google,"San Francisco, CA",Senior Level,"HIPAA, Ethical Hacking, Compliance, Penetration Testing, Cybersecurity, SOC 2, PKI",160000,210000,security,
JOB0000028,Senior Blockchain Developer,Coinbase,Remote,Principal,"Blockchain, Web3.js, Solidity, Cryptocurrency, Truffle, Cryptography, NFT, Ethereum, Hyperledger, Consensus Algorithms",265000,315000,blockchain,
JOB0000029,Senior Data Science Developer,PwC,Remote,Senior Level,"Tableau, ETL, Big Data, Power BI, Pandas, Machine Learning, Scikit-learn",160000,210000,data_science,
JOB0000030,Blockchain Engineer,PwC,"London, UK",Senior Level,"Web3.js, Bitcoin, Smart Contracts, Cryptography, NFT, Hardhat, Ethereum, Hyperledger",160000,210000,blockchain,
JOB0000031,Senior Devops Developer,PwC,"Pune, India",Mid Level,"Monitoring, Nginx, Linux, AWS, Jenkins, Docker, GitLab CI, Python, Prometheus",115000,165000,devops,
JOB0000032,Blockchain Engineer,Microsoft,"New York, NY",Senior Level,"Bitcoin, DApps, Solidity, Remix, Cryptocurrency, Cryptography, NFT, Hardhat, Hyperledger",160000,210000,blockchain,
JOB0000033,Devops Engineer,Stripe,"New York, NY",Mid Level,"Chef, Terraform, GitLab CI, Jenkins, Load Balancing",115000,165000,devops,
JOB0000034,Senior Devops Developer,Microsoft,"London, UK",Entry Level,"CI/CD, GitHub Actions, Helm, Python, Bash, Azure, Ansible, Kubernetes",70000,120000,devops,
JOB0000035,Mobile Engineer,Meta,"Bangalore, India",Entry Level,"Android Development, Ionic, ARCore, ARKit, In-App Purchases, Realm, UI/UX, Core Data, Push Notifications",70000,120000,mobile,
JOB0000036,Data Science Engineer,Deloitte,"New York, NY",Mid Level,"PyTorch, Matplotlib, Feature Engineering, MLOps, A/B Testing, Machine Learning",115000,165000,data_science,
JOB0000038,Data Science Engineer,Coinbase,"New York, NY",Lead,"Reinforcement Learning, MLOps, Computer Vision, Tableau, ETL, NoSQL, Spark, R, TensorFlow, Seaborn",220000,270000,data_science,
JOB0000039,Senior Blockchain Developer,Microsoft,"New York, NY",Senior Level,"Blockchain, Bitcoin, DApps, Cryptocurrency, Truffle, Ethereum, Consensus Algorithms",160000,210000,blockchain,
JOB0000041,Senior Web Dev Developer,Deloitte,"Pune, India",Principal,"Bootstrap, Chrome DevTools, REST API, Vue.js, Yarn, Angular, jQuery, CSS",265000,315000,web_dev,
JOB0000043,Senior Security Developer,Deloitte,"Pune, India",Senior Level,"Encryption, Zero Trust, Network Security, SIEM, Compliance, Penetration Testing, Cloud Security, OAuth",160000,210000,security,
JOB0000044,Senior Blockchain Developer,Netflix,"London, UK",Entry Level,"Bitcoin, Solidity, Cryptography, Hardhat, Consensus Algorithms",70000,120000,blockchain,
JOB0000045,Data Science Engineer,PwC,"Pune, India",Entry Level,"PyTorch, Feature Engineering, MLOps, Big Data, NLP, ETL, Machine Learning, Scikit-learn, Statistics",70000,120000,data_science,
JOB0000046,Backend Engineer,PwC,"London, UK",Principal,"FastAPI, Microservices, PHP, Flask, WebSockets, OAuth",265000,315000,backend,
JOB0000047,Senior Blockchain Developer,PwC,"Pune, India",Lead,"Web3.js, DApps, Solidity, Cryptocurrency, Ethereum, Hyperledger, Consensus Algorithms",220000,270000,blockchain,
JOB0000048,Devops Engineer,Coinbase,"Pune, India",Principal,"GitHub Actions, Docker, Load Balancing, Nagios, Puppet",265000,315000,devops,
JOB0000049,Senior Backend Developer,Amazon,"Pune, India",Senior Level,"RabbitMQ, gRPC, Django, C#, Ruby, AWS, GraphQL, Spring Boot, Redis, OAuth",160000,210000,backend,
JOB0000050,Senior Web Dev Developer,Microsoft,"Bangalore, India",Lead,"Tailwind CSS, React, Ajax, Progressive Web Apps, Vue.js, Yarn, Next.js, WebSockets",220000,270000,web_dev,
JOB0000051,Cloud Engineer,Microsoft,"New York, NY",Principal,"AWS, App Engine, Cloud Storage, DynamoDB, Route 53",265000,315000,cloud,
JOB0000053,Senior Data Science Developer,Apple,Remote,Senior Level,"LightGBM, Matplotlib, Time Series, MLOps, Big Data, Deep Learning, Data Visualization, Power BI, Pandas, Statistics",160000,210000,data_science,
JOB0000055,Backend Engineer,Amazon,"New York, NY",Principal,"Python, PostgreSQL, Spring Boot, Java, Kubernetes",265000,315000,backend,
JOB0000056,Senior Blockchain Developer,Deloitte,Remote,Entry Level,"Blockchain, Web3.js, DApps, Smart Contracts, Cryptocurrency, Cryptography, NFT, Hyperledger, Consensus Algorithms",70000,120000,blockchain,
JOB0000057,Cloud Engineer,Deloitte,"Pune, India",Entry Level,"Cost Optimization, API Gateway, App Engine, VPC, ARM Templates, Serverless, Lambda, IAM",70000,120000,cloud,
JOB0000058,Devops Engineer,Netflix,"London, UK",Entry Level,"AWS, Helm, Python, HAProxy, Load Balancing, GCP, Nagios",70000,120000,devops,
JOB0000060,Devops Engineer,Google,Remote,Lead,"CI/CD, Chef, Grafana, Docker, GCP, Nagios, Networking",220000,270000,devops,
JOB0000063,Senior Cloud Developer,Coinbase,Remote,Lead,"Terraform, AWS, Azure, IAM, CloudWatch",220000,270000,cloud,
JOB0000065,Senior Backend Developer,PwC,"San Francisco, CA",Entry Level,"Django, .NET, FastAPI, Ruby, MySQL, GraphQL",70000,120000,backend,
JOB0000067,Mobile Engineer,Stripe,"Pune, India",Senior Level,"Flutter, Kotlin, In-App Purchases, Human Interface Guidelines, UI/UX, Material Design, SwiftUI",160000,210000,mobile,
JOB0000068,Senior Security Developer,Apple,"Pune, India",Principal,"Ethical Hacking, Incident Response, Network Security, Threat Intelligence, Application Security, Penetration Testing, OWASP, OAuth",265000,315000,security,
JOB0000069,Senior Web Dev Developer,Stripe,Remote,Principal,"Tailwind CSS, Bootstrap, Babel, SASS, Vue.js, Progressive Web Apps, MongoDB",265000,315000,web_dev,
JOB0000070,Senior Devops Developer,Coinbase,Remote,Principal,"Monitoring, Nginx, Apache, Load Balancing, Prometheus",265000,315000,devops,
JOB0000071,Mobile Engineer,Netflix,"London, UK",Senior Level,"ARKit, Android Development, ARCore, API Integration, Dart, Bluetooth, In-App Purchases, UI/UX",160000,210000,mobile,
JOB0000072,Senior Blockchain Developer,Stripe,"New York, NY",Mid Level,"Web3.js, DApps, Remix, Cryptography, Hardhat, Ethereum, Consensus Algorithms",115000,165000,blockchain,
JOB0000075,Mobile Engineer,Deloitte,"Bangalore, India",Principal,"Swift, Camera Integration, ARKit, Bluetooth, Xamarin, Realm, Human Interface Guidelines, Java, SQLite",265000,315000,mobile,
JOB0000076,Senior Cloud Developer,Amazon,"Pune, India",Lead,"ECS, Azure Functions, Azure, EKS, BigQuery, S3",220000,270000,cloud,
JOB0000078,Senior Cloud Developer,Microsoft,"New York, NY",Principal,"CloudFront, CloudFormation, Terraform, App Engine, ARM Templates, GCP, Cloud SQL, S3, IAM",265000,315000,cloud,
JOB0000080,Senior Data Science Developer,Deloitte,"Bangalore, India",Mid Level,"LightGBM, Matplotlib, Computer Vision, SQL, Big Data, XGBoost, Spark, Pandas, Machine Learning",115000,165000,data_science,
JOB0000082,Senior Mobile Developer,PwC,"New York, NY",Entry Level,"Dart, Kotlin, Xamarin, Objective-C, Material Design",70000,120000,mobile,
JOB0000084,Senior Mobile Developer,Coinbase,"San Francisco, CA",Senior Level,"Swift, Android Development, API Integration, iOS Development, Objective-C, Human Interface Guidelines, Maps Integration",160000,210000,mobile,
JOB0000086,Senior Security Developer,Coinbase,"San Francisco, CA",Lead,"Ethical Hacking, Threat Intelligence, Compliance, Penetration Testing, IDS/IPS, SOC 2, ISO 27001",220000,270000,security,
JOB0000087,Web Dev Engineer,Amazon,"London, UK",Principal,"Babel, GraphQL, TypeScript, Vue.js, Next.js, Angular, CSS",265000,315000,web_dev,
JOB0000088,Senior Data Science Developer,Google,"Bangalore, India",Mid Level,"Matplotlib, MLOps, Tableau, NumPy, Statistics",115000,165000,data_science,
JOB0000092,Data Science Engineer,Stripe,"London, UK",Principal,"Time Series, Computer Vision, R, XGBoost, Spark, ETL, TensorFlow, Seaborn, Statistics",265000,315000,data_science,
JOB0000093,Security Engineer,Stripe,"Bangalore, India",Mid Level,"Threat Intelligence, SIEM, Compliance, Penetration Testing, SOC 2, GDPR",115000,165000,security,
JOB0000094,Senior Devops Developer,Netflix,"Pune, India",Mid Level,"Nginx, Terraform, GitHub Actions, GitLab CI, Jenkins, Python, Security, HAProxy, Prometheus",115000,165000,devops,
JOB0000095,Senior Backend Developer,Stripe,"San Francisco, CA",Mid Level,"gRPC, C#, MySQL, Kafka, PHP, MongoDB, Kubernetes",115000,165000,backend,
JOB0000098,Senior Blockchain Developer,Apple,Remote,Mid Level,"Web3.js, Solidity, Smart Contracts, Cryptocurrency, Truffle, Ethereum, Hyperledger",115000,165000,blockchain,
JOB0000099,Senior Backend Developer,Coinbase,"New York, NY",Senior Level,"gRPC, Python, MySQL, Azure, PostgreSQL, GraphQL, Cassandra, OAuth",160000,210000,backend,
JOB0000103,Senior Data Science Developer,Netflix,"San Francisco, CA",Mid Level,"PyTorch, Feature Engineering, R, Seaborn, Scikit-learn",115000,165000,data_science,
JOB0000104,Cloud Engineer,Apple,Remote,Mid Level,"Azure Functions, EC2, Serverless, S3, CloudWatch",115000,165000,cloud,
JOB0000105,Web Dev Engineer,Microsoft,"San Francisco, CA",Entry Level,"Tailwind CSS, Redux, Progressive Web Apps, Responsive Design, WebSockets",70000,120000,web_dev,
JOB0000106,Senior Mobile Developer,Meta,"New York, NY",Principal,"Android Development, Ionic, Dart, Kotlin, Human Interface Guidelines",265000,315000,mobile,
JOB0000108,Senior Security Developer,Microsoft,"London, UK",Entry Level,"HIPAA, Encryption, Zero Trust, SIEM, PKI, Firewalls, OAuth, GDPR",70000,120000,security,
JOB0000110,Blockchain Engineer,Amazon,Remote,Lead,"DApps, Smart Contracts, Cryptocurrency, Truffle, Cryptography, Ethereum, Hyperledger, Consensus Algorithms",220000,270000,blockchain,
JOB0000111,Cloud Engineer,Stripe,"San Francisco, CA",Senior Level,"CloudFormation, Terraform, VPC, ARM Templates, BigQuery, S3, Route 53",160000,210000,cloud,
JOB0000112,Mobile Engineer,Coinbase,"New York, NY",Lead,"React Native, Kotlin, Bluetooth, Objective-C, Human Interface Guidelines",220000,270000,mobile,
JOB0000114,Senior Mobile Developer,Google,"Bangalore, India",Lead,"Swift, Android Development, Camera Integration, ARKit, ARCore, Flutter, Dart, In-App Purchases, Maps Integration, Core Data",220000,270000,mobile,
JOB0000115,Blockchain Engineer,Meta,"New York, NY",Mid Level,"Blockchain, Web3.js, DApps, Remix, NFT, Ethereum, Consensus Algorithms",115000,165000,blockchain,
JOB0000117,Security Engineer,Deloitte,"New York, NY",Entry Level,"Ethical Hacking, Encryption, Zero Trust, Incident Response, Network Security, SSL/TLS, IDS/IPS, Cloud Security",70000,120000,security,
JOB0000118,Web Dev Engineer,Google,"London, UK",Principal,"React, Chrome DevTools, Redux, GraphQL, Node.js, MongoDB",265000,315000,web_dev,
JOB0000120,Senior Mobile Developer,Netflix,"New York, NY",Lead,"Android Development, React Native, Kotlin, Xamarin, In-App Purchases, Objective-C, Maps Integration, UI/UX, Material Design, SwiftUI",220000,270000,mobile,
JOB0000122,Senior Blockchain Developer,Amazon,"San Francisco, CA",Senior Level,"Bitcoin, Solidity, Cryptocurrency, Cryptography, Hardhat, Ethereum, Consensus Algorithms",160000,210000,blockchain,
JOB0000123,Senior Security Developer,Netflix,Remote,Principal,"HIPAA, SAML, Ethical Hacking, Encryption, Incident Response, Network Security, Application Security, Penetration Testing, OWASP",265000,315000,security,
JOB0000125,Blockchain Engineer,Google,Remote,Senior Level,"Remix, Cryptocurrency, Truffle, Cryptography, Hardhat, Ethereum, Hyperledger",160000,210000,blockchain,
JOB0000127,Senior Web Dev Developer,Coinbase,"Pune, India",Principal,"Tailwind CSS, REST API, SASS, GraphQL, Node.js, Express.js, Angular, Webpack, HTML",265000,315000,web_dev,
JOB0000129,Senior Backend Developer,Deloitte,"Bangalore, India",Lead,"gRPC, Nginx, Go, .NET, Python, Spring Boot, Kubernetes",220000,270000,backend,
JOB0000132,Cloud Engineer,Amazon,"Pune, India",Principal,"ECS, Cost Optimization, Azure Functions, CloudFront, API Gateway, Cloud Functions, App Engine, Cloud Storage, S3",265000,315000,cloud,
JOB0000137,Cloud Engineer,Coinbase,"Bangalore, India",Entry Level,"API Gateway, EC2, Terraform, ARM Templates, Cloud Storage, BigQuery, CloudWatch",70000,120000,cloud,
JOB0000138,Web Dev Engineer,Meta,"New York, NY",Lead,"Webpack, Babel, Firebase, Ajax, Angular, WebSockets",220000,270000,web_dev,
JOB0000140,Backend Engineer,Apple,Remote,Principal,"JWT, FastAPI, AWS, Python, Rust, Microservices, GraphQL, Kafka",265000,315000,backend,
JOB0000142,Senior Devops Developer,Stripe,"London, UK",Mid Level,"Nginx, CI/CD, Helm, Docker, Azure, Git, Apache, HAProxy, GCP, Nagios",115000,165000,devops,
JOB0000143,Web Dev Engineer,Coinbase,"New York, NY",Mid Level,"REST API, Firebase, Git, GraphQL, TypeScript, Node.js, Webpack, Cypress",115000,165000,web_dev,
JOB0000144,Senior Backend Developer,Apple,"Pune, India",Lead,"C#, SQL, Microservices, PostgreSQL, Cassandra, WebSockets",220000,270000,backend,
JOB0000147,Backend Engineer,Deloitte,Remote,Principal,"JWT, Nginx, C#, AWS, SQL, Microservices, PHP, Oracle, WebSockets, OAuth",265000,315000,backend,
JOB0000149,Web Dev Engineer,Netflix,Remote,Principal,"Tailwind CSS, Chrome DevTools, Node.js, Progressive Web Apps, CSS",265000,315000,web_dev,
JOB0000153,Devops Engineer,Microsoft,"San Francisco, CA",Principal,"Monitoring, Chef, Python, Apache, HAProxy",265000,315000,devops,
JOB0000159,Backend Engineer,Google,"London, UK",Principal,"Cassandra, REST API, Docker, Rust, GraphQL, PHP, WebSockets, Java, OAuth, Kafka",265000,315000,backend,
JOB0000163,Data Science Engineer,Meta,"San Francisco, CA",Lead,"LightGBM, Time Series, MLOps, Hadoop, Tableau, SQL, Big Data, Deep Learning, Spark",220000,270000,data_science,
JOB0000166,Senior Security Developer,Google,"New York, NY",Lead,"Encryption, Zero Trust, Threat Intelligence, Penetration Testing, OAuth",220000,270000,security,
JOB0000170,Mobile Engineer,Google,"Bangalore, India",Lead,"Camera Integration, Dart, iOS Development, Objective-C, Maps Integration, Cordova",220000,270000,mobile,
JOB0000171,Blockchain Engineer,Stripe,Remote,Principal,"Web3.js, Bitcoin, DApps, Smart Contracts, Cryptocurrency, NFT, Consensus Algorithms",265000,315000,blockchain,
JOB0000176,Backend Engineer,Stripe,Remote,Lead,"Nginx, Spring Boot, REST API, Ruby on Rails, PostgreSQL, PHP, GCP, Flask, OAuth",220000,270000,backend,
JOB0000182,Devops Engineer,Amazon,Remote,Entry Level,"Nginx, Linux, Helm, Azure, HAProxy, Nagios, Ansible",70000,120000,devops,
JOB0000184,Backend Engineer,Netflix,Remote,Senior Level,"Scala, Nginx, gRPC, C#, Rust, Microservices, MySQL, Cassandra",160000,210000,backend,
JOB0000188,Senior Backend Developer,Meta,"San Francisco, CA",Lead,"RabbitMQ, Scala, .NET, Ruby, MySQL, Microservices, Spring Boot, OAuth",220000,270000,backend,
JOB0000189,Data Science Engineer,Microsoft,"San Francisco, CA",Principal,"Reinforcement Learning, Feature Engineering, Computer Vision, Tableau, A/B Testing, NoSQL, Spark, Seaborn, Scikit-learn",265000,315000,data_science,
JOB0000199,Web Dev Engineer,Apple,"Bangalore, India",Senior Level,"Tailwind CSS, React, Firebase, Git, TypeScript, jQuery, Angular, Webpack, Jest, CSS",160000,210000,web_dev,
JOB0000201,Devops Engineer,Apple,"London, UK",Principal,"CI/CD, Grafana, Azure, HAProxy, Nagios, Kubernetes",265000,315000,devops,
JOB0000205,Mobile Engineer,PwC,"Pune, India",Principal,"Camera Integration, ARCore, Ionic, Kotlin, Human Interface Guidelines, UI/UX, Push Notifications, Java, Cordova",265000,315000,mobile,
JOB0000207,Mobile Engineer,Microsoft,"San Francisco, CA",Lead,"ARCore, Ionic, React Native, Kotlin, In-App Purchases, Human Interface Guidelines, Core Data, Material Design, SQLite",220000,270000,mobile,
JOB0000212,Data Science Engineer,Amazon,"New York, NY",Lead,"MLOps, Tableau, Python, A/B Testing, Keras, Deep Learning, Data Visualization, ETL, NumPy",220000,270000,data_science,
JOB0000215,Senior Devops Developer,Meta,"Pune, India",Mid Level,"ELK Stack, CI/CD, Helm, Splunk, Python, Bash, Docker, Apache, Load Balancing, Kubernetes",115000,165000,devops,
JOB0000222,Senior Cloud Developer,Meta,Remote,Mid Level,"EC2, CloudFront, Cloud Functions, VPC, Cloud SQL, S3, CloudWatch",115000,165000,cloud,
JOB0000223,Senior Cloud Developer,PwC,"San Francisco, CA",Entry Level,"Azure Functions, API Gateway, CloudFront, Cloud Functions, S3, Azure, Lambda, CloudWatch",70000,120000,cloud,
JOB0000225,Senior Backend Developer,Netflix,"San Francisco, CA",Senior Level,"Docker, Rust, Microservices, PHP, GCP, Flask",160000,210000,backend,
JOB0000229,Blockchain Engineer,Deloitte,"New York, NY",Principal,"Blockchain, Web3.js, Bitcoin, Smart Contracts, Remix, Truffle, NFT, Hardhat",265000,315000,blockchain,
JOB0000231,Data Science Engineer,Google,Remote,Mid Level,"PyTorch, Matplotlib, MLOps, Python, NoSQL, SQL, A/B Testing, Deep Learning, TensorFlow",115000,165000,data_science,
JOB0000239,Senior Mobile Developer,Stripe,"Bangalore, India",Entry Level,"Swift, Camera Integration, Ionic, Flutter, API Integration, Realm, Maps Integration, UI/UX, Material Design, SQLite",70000,120000,mobile,
JOB0000241,Backend Engineer,Coinbase,"Bangalore, India",Senior Level,"gRPC, REST API, AWS, Microservices, Apache, Cassandra, WebSockets, OAuth, Kubernetes",160000,210000,backend,
JOB0000247,Cloud Engineer,PwC,"Bangalore, India",Lead,"Cost Optimization, API Gateway, AWS, App Engine, EKS, BigQuery, S3",220000,270000,cloud,
JOB0000248,Backend Engineer,Meta,"San Francisco, CA",Senior Level,"Scala, gRPC, Python, Docker, Redis, Java, Kafka",160000,210000,backend,
JOB0000254,Senior Cloud Developer,Google,Remote,Mid Level,"EC2, ARM Templates, S3, RDS, Route 53, CloudWatch",115000,165000,cloud,
JOB0000266,Senior Cloud Developer,Deloitte,Remote,Senior Level,"ECS, Azure Functions, EC2, Cloud Functions, AWS, EKS, GCP, Cloud Storage, RDS",160000,210000,cloud,
JOB0000268,Devops Engineer,PwC,"San Francisco, CA",Mid Level,"Monitoring, Azure, Apache, Load Balancing, GCP, Nagios, Networking",115000,165000,devops,
JOB0000278,Backend Engineer,Microsoft,"San Francisco, CA",Mid Level,"Django, AWS, Microservices, Azure, WebSockets, MongoDB",115000,165000,backend,
JOB0000281,Senior Data Science Developer,Amazon,"New York, NY",Senior Level,"LightGBM, Matplotlib, Tableau, Keras, NLP, Spark, Seaborn, Scikit-learn",160000,210000,data_science,
JOB0000284,Web Dev Engineer,Deloitte,"Pune, India",Lead,"Babel, REST API, GraphQL, Node.js, CSS",220000,270000,web_dev,
JOB0000288,Devops Engineer,Deloitte,"New York, NY",Entry Level,"CI/CD, GitHub Actions, Security, Git, Apache, Nagios, Ansible, Networking",70000,120000,devops,
JOB0000292,Web Dev Engineer,PwC,Remote,Mid Level,"Bootstrap, React, REST API, Ajax, GraphQL, TypeScript, Express.js, Vue.js, Webpack, jQuery",115000,165000,web_dev,
JOB0000300,Senior Mobile Developer,Amazon,"Bangalore, India",Mid Level,"Swift, Flutter, Dart, Kotlin, Xamarin, Realm, Push Notifications, Material Design",115000,165000,mobile,
JOB0000302,Blockchain Engineer,Coinbase,"Bangalore, India",Lead,"Blockchain, Bitcoin, Smart Contracts, Cryptography, Hardhat, Hyperledger, Consensus Algorithms",220000,270000,blockchain,
JOB0000303,Blockchain Engineer,Netflix,"San Francisco, CA",Lead,"Blockchain, Bitcoin, DApps, Smart Contracts, Cryptocurrency, Truffle, Remix, Hardhat, Ethereum, Hyperledger",220000,270000,blockchain,
JOB0000309,Senior Devops Developer,Amazon,"New York, NY",Senior Level,"Chef, Terraform, Python, Apache, GCP, Kubernetes",160000,210000,devops,
JOB0000340,Senior Devops Developer,Apple,"London, UK",Entry Level,"Chef, GitLab CI, Helm, Git, HAProxy, Azure, Nagios, Prometheus, Puppet, Bash",70000,120000,devops,
JOB0000345,Senior Mobile Developer,Apple,Remote,Mid Level,"ARKit, Android Development, Ionic, Camera Integration, ARCore, Objective-C, Realm, Java, Cordova",115000,165000,mobile,
JOB0000346,Cloud Engineer,Netflix,Remote,Principal,"Cost Optimization, CloudFront, App Engine, GCP, Cloud SQL, Cloud Storage, Lambda, RDS, IAM, CloudWatch",265000,315000,cloud,
JOB0000362,Senior Cloud Developer,Apple,"San Francisco, CA",Principal,"Cost Optimization, ECS, DynamoDB, App Engine, Azure, GCP, Lambda, Serverless, S3, IAM",265000,315000,cloud,
JOB0000365,Senior Security Developer,Amazon,Remote,Senior Level,"Incident Response, Compliance, GDPR, Firewalls, Cloud Security, ISO 27001",160000,210000,security,
JOB0000368,Senior Mobile Developer,Microsoft,"Pune, India",Senior Level,"ARKit, Flutter, SQLite, Realm, Human Interface Guidelines, SwiftUI, Cordova",160000,210000,mobile,
JOB0000382,Senior Web Dev Developer,Netflix,Remote,Entry Level,"Babel, Chrome DevTools, Node.js, Yarn, Responsive Design, Webpack, npm",70000,120000,web_dev,
JOB0000398,Data Science Engineer,Apple,"New York, NY",Entry Level,"Pandas, Matplotlib, ETL, TensorFlow, Machine Learning, Statistics",70000,120000,data_science,
JOB0000445,Senior Web Dev Developer,Meta,"Pune, India",Principal,"Chrome DevTools, Ajax, Redux, Express.js, Yarn, Responsive Design, JavaScript, jQuery",265000,315000,web_dev,
JOB0000450,Senior Cloud Developer,Stripe,"San Francisco, CA",Mid Level,"EC2, Terraform, AWS, ARM Templates, Cloud Storage, Serverless, Lambda, CloudWatch",115000,165000,cloud,
JOB0000472,Senior Mobile Developer,Deloitte,"London, UK",Lead,"Swift, Flutter, API Integration, Dart, In-App Purchases, Core Data, Java, Cordova",220000,270000,mobile,
JOB0000473,Senior Data Science Developer,Meta,Remote,Principal,"PyTorch, NoSQL, Deep Learning, Data Visualization, Power BI, Machine Learning",265000,315000,data_science,
JOB0000475,Senior Backend Developer,Microsoft,"San Francisco, CA",Mid Level,"C#, SOA, Azure, MongoDB, Kafka",115000,165000,backend,
JOB0000486,Security Engineer,Apple,"Bangalore, India",Lead,"HIPAA, Application Security, OWASP, Cloud Security, SOC 2",220000,270000,security,
JOB0000500,Cloud Engineer,Meta,"San Francisco, CA",Mid Level,"Cost Optimization, ECS, EC2, AWS, ARM Templates, Azure, DynamoDB, Lambda, IAM",115000,165000,cloud,
JOB0000512,Senior Backend Developer,Google,Remote,Senior Level,"Nginx, Django, C#, Flask, WebSockets, Redis, MongoDB, OAuth",160000,210000,backend,
JOB0000531,Mobile Engineer,Amazon,Remote,Entry Level,"ARKit, ARCore, Flutter, React Native, API Integration, Dart, Xamarin, Push Notifications",70000,120000,mobile,
JOB0000671,Security Engineer,PwC,"New York, NY",Lead,"Threat Intelligence, SIEM, Application Security, IDS/IPS, Cloud Security, SOC 2, GDPR",220000,270000,security,
JOB0000712,Senior Data Science Developer,Stripe,"Bangalore, India",Lead,"Time Series, Feature Engineering, Data Visualization, TensorFlow, Seaborn",220000,270000,data_science,
JOB0000829,Senior Data Science Developer,Microsoft,"Bangalore, India",Entry Level,"PyTorch, Python, ETL, TensorFlow, NumPy, Statistics",70000,120000,data_science,
